num_rungs,strategy,profit_target_pct,buy_depth_min,buy_depth_max,depth_range,avg_depth,expected_profit_per_dollar,expected_timeframe_hours,expected_monthly_fills,expected_monthly_profit,capital_efficiency,risk_efficiency,profit_volatility,combined_score,monthly_profit_score,sharpe_score,fills_score,timeframe_score,allocation_ratio,max_single_loss,joint_touch_prob,avg_buy_touch_prob,avg_sell_touch_prob
15,Conservative,200.00000000000003,0.5,3.0,2.5,1.75,1.0958590300883437,54.66512144324223,13.171104005459174,1443367.3260615193,14.433673260615194,0.7226843140263624,1.5163730674917744,0.7652118181732452,1.0,0.24089477134212078,1.0,0.9294338677060893,1.0,6666.666666666667,0.4095333318739062,0.8780736003639451,0.9300848539938783
15,Moderate,200.00000000000003,1.0,8.0,7.0,4.5,1.8780129979413003,68.30280686813042,10.54129446524908,1979668.802086447,19.79668802086447,0.42449361677874575,4.424125413692986,0.7337848223316946,1.0,0.1414978722595819,1.0,0.9133546065382001,1.0,6666.666666666667,0.2859354834775508,0.7027529643499387,0.7898565308029734
15,Aggressive,200.00000000000003,2.0,15.0,13.0,8.5,1.8609928894045467,94.09013663574652,7.652236735369551,1424075.8152563001,14.240758152563002,0.20732025453216052,8.976416190516785,0.6622190551348986,1.0,0.06910675151072017,0.7652236735369551,0.8844229497429155,1.0,6666.666666666667,0.1761073829840906,0.5101491156913034,0.61345947333812
